CREATE TABLE Salesman (
    salesman_id INT PRIMARY KEY,
    name VARCHAR(50),
    city VARCHAR(50),
    commission DECIMAL(4,2)
);

CREATE TABLE Customer (
    customer_id INT PRIMARY KEY,
    cust_name VARCHAR(50),
    city VARCHAR(50),
    grade INT,
    salesman_id INT,
    FOREIGN KEY (salesman_id) REFERENCES Salesman(salesman_id)
);

CREATE TABLE Orders (
    ord_no INT PRIMARY KEY,
    purch_amt DECIMAL(10,2),
    ord_date DATE,
    customer_id INT,
    salesman_id INT,
    FOREIGN KEY (customer_id) REFERENCES Customer(customer_id),
    FOREIGN KEY (salesman_id) REFERENCES Salesman(salesman_id)
);

INSERT INTO Salesman (salesman_id, name, city, commission) VALUES
(5001, 'James Hoog', 'New York', 0.15),
(5002, 'Nail Knite', 'Paris', 0.13),
(5005, 'Pit Alex', 'London', 0.11),
(5006, 'Mc Lyon', 'Paris', 0.14),
(5007, 'Paul Adam', 'Rome', 0.13),
(5003, 'Lauson Hen', 'San Jose', 0.12);

INSERT INTO Customer (customer_id, cust_name, city, grade, salesman_id) VALUES
(3002, 'Nick Rimando', 'New York', 100, 5001),
(3007, 'Brad Davis', 'New York', 200, 5001),
(3005, 'Graham Zusi', 'California', 200, 5002),
(3008, 'Julian Green', 'London', 300, 5002),
(3004, 'Fabian Johnson', 'Paris', 300, 5006),
(3009, 'Geoff Cameron', 'Berlin', 100, 5003),
(3003, 'Jozy Altidor', 'Moscow', 200, 5007),
(3001, 'Brad Guzan', 'London', NULL, 5005);

INSERT INTO Orders (ord_no, purch_amt, ord_date, customer_id, salesman_id) VALUES
(70001, 150.50, '2012-10-05', 3005, 5002),
(70009, 270.65, '2012-09-10', 3001, 5005),
(70002, 65.26, '2012-10-05', 3002, 5001),
(70004, 110.50, '2012-08-17', 3009, 5003),
(70007, 948.50, '2012-09-10', 3005, 5002),
(70005, 2400.60, '2012-07-27', 3007, 5001),
(70008, 5760.00, '2012-09-10', 3002, 5001),
(70010, 1983.43, '2012-10-10', 3004, 5006),
(70003, 2480.40, '2012-10-10', 3009, 5003),
(70012, 250.45, '2012-06-27', 3008, 5002),
(70011, 75.29, '2012-08-17', 3003, 5007),
(70013, 3045.60, '2012-04-25', 3002, 5001);

SELECT c.cust_name AS customer_name,
       s.name AS salesman_name,
       c.city
FROM Customer c
JOIN Salesman s ON c.city = s.city;

SELECT c.cust_name AS customer_name,
       s.name AS salesman_name
FROM Customer c
JOIN Salesman s ON c.salesman_id = s.salesman_id;

SELECT o.ord_no,
       o.purch_amt,
       o.ord_date,
       c.cust_name,
       c.city AS customer_city,
       s.name AS salesman_name,
       s.city AS salesman_city
FROM Orders o
JOIN Customer c ON o.customer_id = c.customer_id
JOIN Salesman s ON o.salesman_id = s.salesman_id
WHERE c.city <> s.city;

SELECT o.ord_no,
       c.cust_name
FROM Orders o
JOIN Customer c ON o.customer_id = c.customer_id;

SELECT DISTINCT c.cust_name,
       c.grade
FROM Customer c
JOIN Orders o ON c.customer_id = o.customer_id
JOIN Salesman s ON c.salesman_id = s.salesman_id
WHERE c.grade IS NOT NULL
AND s.city IS NOT NULL
ORDER BY c.grade DESC;

SELECT c.cust_name AS customer_name,
       c.city,
       s.commission,
       s.name AS salesman_name
FROM Customer c
JOIN Salesman s ON c.salesman_id = s.salesman_id
WHERE s.commission > 0.12;

SELECT o.ord_no,
       c.cust_name AS customer_name,
       s.commission,
       (o.purch_amt * s.commission) AS earned_commission
FROM Orders o
JOIN Customer c ON o.customer_id = c.customer_id
JOIN Salesman s ON o.salesman_id = s.salesman_id
WHERE c.grade >= 200;

SELECT DISTINCT c.cust_name
FROM Customer c
JOIN Orders o ON c.customer_id = o.customer_id
WHERE o.ord_date = '2012-10-05';
